ts,open,high,low,close,volume,close_time,quote_asset_volume,num_trades,taker_buy_base,taker_buy_quote,ignore
2026-03-17,0.00574,0.00713,0.00574,0.00593,1415362.50000000,1773791999999,8814.18713000,173,964517.60000000,6029.94804300,0
2026-03-18,0.00586,0.00603,0.00548,0.00548,97100.20000000,1773878399999,556.50567100,57,6800.60000000,40.05005500,0
2026-03-19,0.00558,0.00567,0.00539,0.00539,1893008.40000000,1773964799999,10391.40321000,77,22030.10000000,123.69807400,0
2026-03-20,0.00547,0.00568,0.00526,0.00566,413394.10000000,1774051199999,2273.66274900,77,188301.30000000,1060.01254000,0
2026-03-21,0.00552,0.00588,0.00548,0.0055,366742.10000000,1774137599999,2073.12719700,66,21664.10000000,124.20064000,0
2026-03-22,0.0055,0.00596,0.00537,0.00551,176183.00000000,1774223999999,990.19607000,119,62630.60000000,359.51183800,0
2026-03-23,0.00558,0.00593,0.00529,0.00552,1160011.40000000,1774310399999,6338.55059200,130,165402.80000000,923.50953200,0
2026-03-24,0.00555,0.00583,0.00543,0.00571,139225.50000000,1774396799999,793.00212700,78,80323.70000000,459.72043500,0
2026-03-25,0.00562,0.00574,0.0056,0.00574,3087.60000000,1774483199999,17.56712900,11,2200.60000000,12.59007900,0
2026-03-26,0.00576,0.00577,0.00545,0.00546,996554.40000000,1774569599999,5524.81449900,83,328976.50000000,1835.60283500,0
2026-03-27,0.00546,0.00569,0.00546,0.00547,211944.00000000,1774655999999,1187.61699000,30,172166.80000000,967.30251500,0
2026-03-28,0.00554,0.00572,0.00543,0.00563,387892.80000000,1774742399999,2178.93437600,45,238996.80000000,1346.16906800,0
2026-03-29,0.00563,0.0059,0.00562,0.00575,673160.20000000,1774828799999,3924.87587400,56,566937.20000000,3304.23017100,0
2026-03-30,0.00574,0.00589,0.00566,0.0058,153625.70000000,1774915199999,886.78232500,82,57150.40000000,331.82947900,0
2026-03-31,0.00578,0.00599,0.00575,0.0059,163871.90000000,1775001599999,964.25567500,35,135275.50000000,796.11055300,0
2026-04-01,0.00598,0.00598,0.00583,0.00596,485431.10000000,1775087999999,2864.54215700,85,4502.90000000,26.81814900,0
2026-04-02,0.00589,0.00592,0.00554,0.00565,211501.30000000,1775174399999,1208.24062300,94,136035.10000000,774.68319500,0
2026-04-03,0.00566,0.00581,0.00556,0.00566,82128.70000000,1775260799999,465.29883400,21,14095.90000000,80.15518800,0
2026-04-04,0.00566,0.00589,0.00563,0.00572,324315.30000000,1775347199999,1880.04222600,68,169379.50000000,982.64701700,0
2026-04-05,0.0058,0.00586,0.00551,0.00564,198613.20000000,1775433599999,1129.35335100,44,47960.10000000,274.69747000,0
2026-04-06,0.00569,0.00582,0.00566,0.00566,248944.50000000,1775519999999,1426.64070700,38,41884.40000000,242.77361600,0
2026-04-07,0.00576,0.00581,0.00551,0.00581,193517.00000000,1775606399999,1095.15557600,48,143475.20000000,813.42562200,0
2026-04-08,0.00577,0.00592,0.00571,0.00571,106635.60000000,1775692799999,620.47413600,38,13907.70000000,81.78051400,0
2026-04-09,0.00571,0.00574,0.00565,0.00572,55363.20000000,1775779199999,314.94647200,16,23001.10000000,131.49116100,0
2026-04-10,0.0058,0.00586,0.00566,0.0058,197208.50000000,1775865599999,1139.07199700,35,150270.00000000,873.32120700,0
2026-04-11,0.00578,0.0058,0.00566,0.00567,53481.50000000,1775951999999,304.94451400,50,16642.90000000,96.27296400,0
2026-04-12,0.00579,0.0058,0.00554,0.00554,66531.80000000,1776038399999,375.52272000,25,10289.60000000,59.54308800,0
2026-04-13,0.00565,0.00577,0.00553,0.00577,69662.40000000,1776124799999,394.59359000,23,63509.30000000,360.33962100,0
2026-04-14,0.00581,0.00586,0.0056,0.00571,142070.60000000,1776211199999,808.31440700,52,90053.40000000,514.02519400,0
2026-04-15,0.00571,0.00581,0.00562,0.00581,174572.10000000,1776297599999,999.29263000,33,134765.60000000,770.75419700,0
2026-04-16,0.00574,0.00606,0.00566,0.00603,274652.60000000,1776383999999,1625.88333500,58,213749.80000000,1269.53860500,0
2026-04-17,0.00602,0.0063,0.00593,0.00621,571013.20000000,1776470399999,3508.42291700,91,402140.30000000,2479.60948700,0
2026-04-18,0.00624,0.00624,0.00591,0.00591,170370.70000000,1776556799999,1043.58806200,37,49292.90000000,304.49407500,0
2026-04-19,0.00589,0.00595,0.0057,0.0057,257033.10000000,1776643199999,1509.30240100,33,183149.40000000,1077.05792900,0
2026-04-20,0.00577,0.00609,0.00575,0.00594,244799.60000000,1776729599999,1454.48314600,43,129160.00000000,761.47694100,0
2026-04-21,0.00593,0.00603,0.00589,0.0059,161376.40000000,1776815999999,961.75334800,36,14568.50000000,87.19896200,0
2026-04-22,0.00595,0.00609,0.00593,0.00593,250341.80000000,1776902399999,1495.21861400,42,19354.00000000,116.65147500,0
2026-04-23,0.00592,0.00592,0.00581,0.00587,321515.40000000,1776988799999,1887.03303100,52,181324.20000000,1065.02500800,0
2026-04-24,0.0059,0.00605,0.00584,0.00605,90824.60000000,1777075199999,538.69905700,29,80499.00000000,477.97990200,0
2026-04-25,0.00606,0.00644,0.00483,0.00599,982380.00000000,1777161599999,5890.70553400,295,248334.60000000,1501.04805200,0
2026-04-26,0.00605,0.00609,0.00592,0.00605,204045.00000000,1777247999999,1232.62037500,60,181353.60000000,1096.23951000,0
2026-04-27,0.00602,0.00606,0.00584,0.00589,444094.60000000,1777334399999,2620.54645100,41,219713.40000000,1301.75189200,0
2026-04-28,0.00593,0.00599,0.00584,0.00586,424601.30000000,1777420799999,2511.18342100,43,359006.30000000,2127.29078500,0
2026-04-29,0.00593,0.00598,0.00566,0.00578,721285.10000000,1777507199999,4230.00128600,59,184156.60000000,1085.26554700,0
2026-04-30,0.00579,0.00591,0.00578,0.00581,490595.00000000,1777593599999,2853.97647500,33,374488.50000000,2180.01328000,0
2026-05-01,0.00589,0.00593,0.00579,0.00588,40717.00000000,1777679999999,237.97190500,44,17403.40000000,102.45828800,0
2026-05-02,0.0058,0.00595,0.0058,0.00593,155426.30000000,1777766399999,913.02546100,25,19507.70000000,114.65042200,0
2026-05-03,0.00587,0.00593,0.00585,0.00588,33039.40000000,1777852799999,194.44650000,18,4671.90000000,27.67972000,0
2026-05-04,0.00587,0.00597,0.00582,0.0059,19054.30000000,1777939199999,111.97457900,16,2925.30000000,17.37766900,0
2026-05-05,0.0059,0.00614,0.0059,0.00601,389525.00000000,1778025599999,2371.45839500,51,373805.00000000,2278.20734600,0
2026-05-06,0.00608,0.0062,0.00601,0.00602,135260.10000000,1778111999999,822.50211200,46,20693.90000000,127.04357800,0
2026-05-07,0.00603,0.00621,0.00601,0.00608,31895.60000000,1778198399999,194.35912800,24,17714.80000000,108.73677400,0
2026-05-08,0.00609,0.00645,0.00607,0.00622,141392.30000000,1778284799999,883.77171400,55,123916.00000000,775.81653600,0
2026-05-09,0.00626,0.00646,0.0062,0.00637,38017.10000000,1778371199999,240.96772100,16,23742.60000000,151.88344100,0
2026-05-10,0.0062,0.00652,0.00619,0.00631,90288.00000000,1778457599999,572.81909100,21,33008.00000000,211.84018000,0
2026-05-11,0.00644,0.00644,0.0062,0.00623,486101.50000000,1778543999999,3028.52800100,21,65758.30000000,413.80734800,0
2026-05-12,0.00625,0.00644,0.0061,0.00617,21666.90000000,1778630399999,135.05636400,12,1483.10000000,9.42099900,0
2026-05-13,0.00611,0.00611,0.00583,0.0059,69216.20000000,1778716799999,411.84171400,19,891.90000000,5.26221000,0
2026-05-14,0.00593,0.00602,0.00588,0.00593,60744.70000000,1778803199999,360.42812100,38,39127.50000000,233.06494700,0
2026-05-15,0.00606,0.00606,0.00563,0.00579,678076.20000000,1778889599999,3938.68735700,67,15079.00000000,88.21474300,0
2026-05-16,0.00572,0.00574,0.00553,0.00563,436353.40000000,1778975999999,2418.33254000,60,32149.70000000,181.72164900,0
2026-05-17,0.00563,0.00563,0.00553,0.00553,222546.20000000,1779062399999,1233.78287900,40,7968.20000000,44.81946000,0
2026-05-18,0.00553,0.00563,0.0054,0.00556,208979.20000000,1779148799999,1149.08296400,31,10581.40000000,59.25640400,0
2026-05-19,0.00558,0.00566,0.00542,0.00542,41005.20000000,1779235199999,227.66277500,46,21900.60000000,123.29677600,0
2026-05-20,0.0054,0.0055,0.0054,0.0055,34020.10000000,1779321599999,185.71534100,22,10591.50000000,57.76661400,0
2026-05-21,0.00549,0.00555,0.00543,0.00552,31287.90000000,1779407999999,170.61488500,12,2666.80000000,14.70913700,0
2026-05-22,0.00555,0.0056,0.00543,0.00543,100110.80000000,1779494399999,546.74943600,32,24289.90000000,134.69151100,0
2026-05-23,0.00543,0.00559,0.0053,0.00559,410701.80000000,1779580799999,2226.62521900,72,141230.10000000,767.88708200,0
2026-05-24,0.0056,0.0056,0.00525,0.00532,86925.80000000,1779667199999,467.36397100,20,19843.10000000,106.18016200,0
2026-05-25,0.00535,0.00542,0.00534,0.00538,95198.30000000,1779753599999,511.57458200,35,53634.70000000,288.16103000,0
2026-05-26,0.00539,0.00572,0.00518,0.00518,498683.20000000,1779839999999,2704.89963300,96,226835.40000000,1237.03873600,0
2026-05-27,0.00524,0.00535,0.00515,0.00515,149698.90000000,1779926399999,791.17500300,36,88701.20000000,471.28049700,0
2026-05-28,0.00515,0.00518,0.005,0.0051,230820.70000000,1780012799999,1169.22475200,51,174968.00000000,886.24794900,0
2026-05-29,0.00512,0.00517,0.00503,0.00511,267849.40000000,1780099199999,1364.70954500,50,126922.90000000,650.57504800,0
2026-05-30,0.00519,0.00526,0.00517,0.00526,86039.20000000,1780185599999,450.00771600,47,29887.30000000,156.32286800,0
2026-05-31,0.00524,0.0053,0.00518,0.0053,75419.40000000,1780271999999,393.22591600,14,2320.10000000,12.22090000,0
2026-06-01,0.00532,0.00536,0.00512,0.0052,137765.70000000,1780358399999,713.52653400,37,33869.00000000,176.48222000,0
2026-06-02,0.00519,0.00525,0.00478,0.00478,393958.60000000,1780444799999,1944.77097500,65,106887.50000000,534.20133000,0
2026-06-03,0.00487,0.00494,0.00473,0.00486,164694.40000000,1780531199999,799.01728600,29,108582.60000000,531.57363500,0
2026-06-04,0.00479,0.00488,0.00424,0.00443,90427.10000000,1780617599999,410.51607700,32,19320.80000000,90.13223000,0
2026-06-05,0.00462,0.00466,0.00376,0.0042,400712.00000000,1780703999999,1713.44113100,55,217265.80000000,948.11007000,0
2026-06-06,0.00427,0.00445,0.00396,0.00419,146821.00000000,1780790399999,611.19038200,20,62832.60000000,267.83500400,0
2026-06-07,0.00414,0.00432,0.00413,0.00432,229700.00000000,1780876799999,972.70702200,33,145972.00000000,621.03878700,0
2026-06-08,0.00421,0.0044,0.00417,0.00429,643815.80000000,1780963199999,2755.31923100,64,473202.40000000,2019.27945400,0
2026-06-09,0.00433,0.00436,0.00419,0.00422,463476.20000000,1781049599999,1993.05976200,24,125548.80000000,539.74409600,0
2026-06-10,0.00429,0.00432,0.00401,0.00401,277245.90000000,1781135999999,1142.79077600,50,105893.20000000,437.94429300,0
2026-06-11,0.0041,0.00425,0.00405,0.00425,626641.20000000,1781222399999,2583.00816800,47,141897.20000000,587.13536900,0
2026-06-12,0.00429,0.00437,0.00418,0.00425,521531.10000000,1781308799999,2230.45974100,81,131724.00000000,567.65797300,0
2026-06-13,0.00435,0.00443,0.00428,0.00432,504773.40000000,1781395199999,2212.77563100,51,175463.70000000,771.11263500,0
2026-06-14,0.00437,0.00442,0.00425,0.0043,249715.40000000,1781481599999,1082.05162400,21,46940.90000000,204.72467600,0
2026-06-15,0.00445,0.00457,0.00433,0.00449,453750.40000000,1781567999999,2027.59363400,37,232307.50000000,1042.07336600,0
2026-06-16,0.00452,0.00454,0.00428,0.00431,525554.40000000,1781654399999,2341.64392400,73,333613.90000000,1494.57248100,0
2026-06-17,0.00439,0.00441,0.00428,0.00436,25529.10000000,1781740799999,111.72586200,27,0.00000000,0.00000000,0
2026-06-18,0.0044,0.00446,0.0041,0.00416,645778.20000000,1781827199999,2701.06016000,42,268313.80000000,1122.31390700,0
2026-06-19,0.00421,0.00422,0.00408,0.00422,246254.40000000,1781913599999,1020.52714200,15,98443.60000000,409.88741600,0
2026-06-20,0.00423,0.00427,0.00398,0.00417,77278.10000000,1781999999999,326.48070200,23,69962.30000000,296.48317100,0
2026-06-21,0.00417,0.00428,0.00403,0.00408,410571.90000000,1782086399999,1709.81793500,54,129644.80000000,539.80114200,0
2026-06-22,0.00418,0.00425,0.00398,0.004,316889.80000000,1782172799999,1289.60438000,24,80278.90000000,326.60801900,0
2026-06-23,0.00397,0.00424,0.00385,0.004,192059.20000000,1782259199999,768.40450600,48,78619.20000000,326.06097300,0
2026-06-24,0.00398,0.00402,0.00371,0.00394,504548.00000000,1782345599999,1930.72155600,63,280739.10000000,1078.08754600,0
2026-06-25,0.00388,0.004,0.00365,0.00381,366128.30000000,1782431999999,1375.98606700,43,188013.40000000,713.82691000,0
2026-06-26,0.00381,0.00402,0.00363,0.00378,271676.60000000,1782518399999,1047.79852800,37,158258.00000000,605.22238000,0
2026-06-27,0.00402,0.00414,0.00384,0.00396,191939.00000000,1782604799999,776.34517400,31,140988.90000000,575.79544500,0
2026-06-28,0.00403,0.00406,0.0038,0.00392,443824.90000000,1782691199999,1757.01362900,31,216231.30000000,855.80667300,0
2026-06-29,0.00398,0.00398,0.00383,0.00383,234015.30000000,1782777599999,913.21697800,18,125230.00000000,489.22643200,0
2026-06-30,0.00385,0.0039,0.00369,0.00369,219815.00000000,1782863999999,821.86703300,20,126886.00000000,475.68052400,0
2026-07-01,0.00391,0.00391,0.0036,0.00374,490764.20000000,1782950399999,1809.74757300,45,168653.30000000,625.69125500,0
2026-07-02,0.00386,0.00395,0.00364,0.00364,71364.30000000,1783036799999,272.68334800,28,50098.10000000,192.98945200,0
2026-07-03,0.00384,0.00389,0.00377,0.00389,13657.20000000,1783123199999,52.37983400,19,9132.30000000,35.32096100,0
2026-07-04,0.00399,0.004,0.0038,0.00392,67934.80000000,1783209599999,266.87392100,40,67630.10000000,265.71606100,0
2026-07-05,0.00387,0.00397,0.0037,0.0037,11666.70000000,1783295999999,44.76449000,18,1786.60000000,7.07146600,0
2026-07-06,0.00391,0.00393,0.00379,0.00384,48689.90000000,1783382399999,188.57666500,27,35489.40000000,138.54677000,0
2026-07-07,0.00391,0.00391,0.00371,0.00371,143889.40000000,1783468799999,551.10646100,64,91957.80000000,354.46651600,0
2026-07-08,0.0037,0.0038,0.00361,0.00369,194442.60000000,1783555199999,718.07055900,30,112317.60000000,416.09549000,0
2026-07-09,0.0037,0.00408,0.00362,0.00408,323128.80000000,1783641599999,1215.74717700,31,156806.80000000,603.59313200,0
2026-07-10,0.00397,0.00432,0.00388,0.00389,816634.50000000,1783727999999,3323.37256000,85,603999.70000000,2461.16338800,0
2026-07-11,0.00396,0.00398,0.00383,0.00383,226140.80000000,1783814399999,883.90639800,29,29681.00000000,117.24760400,0
2026-07-12,0.0038,0.00385,0.00373,0.00373,111905.10000000,1783900799999,423.54693700,15,23720.60000000,90.50594900,0
2026-07-13,0.00375,0.00375,0.0037,0.0037,213007.00000000,1783987199999,788.71673500,35,5670.10000000,21.14947300,0
2026-07-14,0.00376,0.00376,0.00368,0.00375,171023.30000000,1784073599999,637.77069000,21,55511.70000000,207.71743700,0
2026-07-15,0.00376,0.00389,0.00373,0.00382,109711.40000000,1784159999999,419.18407900,27,74058.40000000,283.76503300,0
2026-07-16,0.00378,0.00387,0.00378,0.00382,67925.40000000,1784246399999,261.10502300,54,0.00000000,0.00000000,0
2026-07-17,0.00441,0.00442,0.00378,0.00416,10345.70000000,1784332799999,43.70330700,8,9993.40000000,42.37161300,0
2026-07-18,0.00388,0.0041,0.00376,0.00376,80018.00000000,1784419199999,303.41493200,34,22189.90000000,85.18692500,0
2026-07-19,0.00398,0.00398,0.00374,0.00375,408871.20000000,1784505599999,1537.53386000,52,167138.40000000,630.13454800,0
2026-07-20,0.00373,0.0041,0.00372,0.00375,184828.60000000,1784591999999,693.35162200,15,48739.00000000,182.80582700,0
2026-07-21,0.0039,0.00391,0.00378,0.00386,463515.30000000,1784678399999,1775.22218700,27,88877.60000000,343.60331200,0
2026-07-22,0.00378,0.00395,0.00378,0.00386,117165.40000000,1784764799999,453.97602600,22,39297.10000000,152.40539600,0
2026-07-23,0.00378,0.00385,0.00373,0.00377,1999389.40000000,1784851199999,7581.30694300,59,1098800.40000000,4164.34825900,0
2026-07-24,0.00379,0.00383,0.00371,0.00371,1237499.60000000,1784937599999,4666.06249900,47,640085.20000000,2409.83908300,0
2026-07-25,0.00373,0.00376,0.00371,0.00375,571663.80000000,1785023999999,2130.94114400,31,272887.90000000,1015.15790500,0
2026-07-26,0.00371,0.00378,0.00371,0.00376,933427.30000000,1785110399999,3503.64764600,34,447800.00000000,1678.18261900,0
2026-07-27,0.00381,0.00391,0.00338,0.00338,1345378.90000000,1785196799999,4991.14505300,80,565896.10000000,2111.39319300,0
2026-07-28,0.00361,0.0037,0.00339,0.00352,819645.60000000,1785283199999,2864.62122500,91,452349.60000000,1582.34487800,0
2026-07-29,0.00353,0.00389,0.0034,0.00342,490667.30000000,1785369599999,1716.36531800,84,311809.70000000,1098.06611000,0
2026-07-30,0.00383,0.00383,0.00348,0.00357,605040.10000000,1785455999999,2173.61996900,68,322683.30000000,1162.75831600,0
2026-07-31,0.00356,0.0039,0.00354,0.00356,867513.60000000,1785542399999,3195.54347200,96,510107.30000000,1872.01530300,0
2026-08-01,0.00382,0.00382,0.00193,0.00193,817923.00000000,1785628799999,2655.13098400,42,487930.20000000,1762.93602800,0
2026-08-02,0.00398,0.004,0.00352,0.00358,382210.40000000,1785715199999,1449.00426900,89,275549.80000000,1063.31766400,0
2026-08-03,0.00391,0.00391,0.00332,0.00355,826229.00000000,1785801599999,2925.84026200,96,316966.80000000,1135.62696400,0
2026-08-04,0.00352,0.00363,0.00326,0.0035,291051.00000000,1785887999999,1031.57455300,81,226940.00000000,807.80808000,0
2026-08-05,0.00352,0.00361,0.00344,0.00354,1546427.10000000,1785974399999,5382.54955600,64,1036381.00000000,3601.99197800,0
2026-08-06,0.00347,0.00359,0.00347,0.00356,596409.60000000,1786060799999,2125.93427600,22,191298.80000000,680.02867400,0
2026-08-07,0.00363,0.00363,0.00352,0.00359,1369020.90000000,1786147199999,4890.07049100,120,720195.70000000,2570.41177900,0
2026-08-08,0.00359,0.00363,0.00339,0.00362,1262451.90000000,1786233599999,4520.34200600,81,575619.40000000,2056.01823900,0
2026-08-09,0.00363,0.00364,0.00353,0.00354,667541.10000000,1786319999999,2414.56073400,145,313036.40000000,1135.67103000,0
2026-08-10,0.0036,0.00375,0.00337,0.00337,780797.30000000,1786406399999,2792.40248300,74,462410.80000000,1651.88900600,0
2026-08-11,0.00354,0.00401,0.00267,0.00292,1139403.70000000,1786492799999,3547.91271300,106,856850.80000000,2655.45476900,0
2026-08-12,0.00292,0.00341,0.00268,0.00268,21723.30000000,1786579199999,64.65414800,12,8213.60000000,26.44207600,0
2026-08-13,0.00289,0.0034,0.00289,0.0034,76823.80000000,1786665599999,253.46042000,14,76823.80000000,253.46042000,0
2026-08-14,0.00272,0.0034,0.00272,0.003,364362.80000000,1786751999999,1098.54431600,75,162323.10000000,534.60632800,0
2026-08-15,0.00338,0.0034,0.00219,0.00277,131381.40000000,1786838399999,355.70444600,31,25385.30000000,80.16836000,0
2026-08-16,0.00318,0.0034,0.0027,0.00295,298851.50000000,1786924799999,962.36146400,81,234884.90000000,785.06559500,0
2026-08-17,0.00328,0.0038,0.003,0.00302,95072.20000000,1787011199999,311.12760700,52,80949.20000000,268.75860700,0
2026-08-18,0.003,0.003,0.00276,0.00276,98140.10000000,1787097599999,291.40323600,20,0.00000000,0.00000000,0
2026-08-19,0.00275,0.00359,0.00271,0.00325,180044.70000000,1787183999999,505.89248100,67,25080.30000000,82.31984900,0
2026-08-20,0.00325,0.00349,0.0029,0.00338,384442.60000000,1787270399999,1292.84160800,101,383093.80000000,1288.93008800,0
2026-08-21,0.00338,0.0038,0.0033,0.0038,369572.40000000,1787356799999,1242.21494900,40,242889.50000000,824.16137900,0
2026-08-22,0.0033,0.00369,0.00303,0.00303,257134.40000000,1787443199999,856.78989000,65,75421.00000000,254.46809100,0
2026-08-23,0.00314,0.00359,0.00292,0.00355,305030.90000000,1787529599999,1010.26346900,54,217293.30000000,729.76743900,0
2026-08-24,0.00322,0.00384,0.00307,0.0032,330044.50000000,1787615999999,1105.36582700,103,140268.50000000,487.99959500,0
2026-08-25,0.0033,0.00366,0.0032,0.00332,166188.20000000,1787702399999,565.16989100,74,113186.00000000,389.65570800,0
2026-08-26,0.00318,0.00346,0.00312,0.00312,93685.10000000,1787788799999,308.56987000,31,23362.30000000,77.15317000,0
2026-08-27,0.00341,0.00363,0.00322,0.00345,148046.80000000,1787875199999,512.73481200,39,99304.20000000,345.73539400,0
2026-08-28,0.00345,0.00348,0.00307,0.00307,174655.80000000,1787961599999,591.38316000,72,25630.00000000,85.23361200,0
2026-08-29,0.00328,0.00355,0.00328,0.00331,61967.30000000,1788047999999,210.11156100,38,44442.40000000,152.27939100,0
2026-08-30,0.00308,0.00308,0.003,0.00305,47211.20000000,1788134399999,144.39949200,30,0.00000000,0.00000000,0
2026-08-31,0.00305,0.00305,0.00291,0.00301,74719.60000000,1788220799999,227.54766600,53,687.70000000,2.00120700,0
2026-09-01,0.00301,0.00357,0.00301,0.00301,12472.60000000,1788307199999,39.98418300,13,4419.30000000,15.74375000,0
2026-09-02,0.00306,0.00356,0.00302,0.00311,146275.50000000,1788393599999,456.09296800,20,9298.10000000,33.10123600,0
2026-09-03,0.00311,0.00353,0.00311,0.00353,65296.40000000,1788479999999,223.81167900,12,50860.50000000,178.91603000,0
2026-09-04,0.00347,0.00349,0.00312,0.00349,62950.90000000,1788566399999,202.61041500,16,16572.00000000,57.64298200,0
2026-09-05,0.00349,0.00355,0.00311,0.00355,207072.40000000,1788652799999,716.93622400,37,190995.30000000,666.93644300,0
2026-09-06,0.00354,0.00355,0.00309,0.00345,199726.30000000,1788739199999,670.66592100,68,143203.70000000,495.35252500,0
2026-09-07,0.00345,0.00349,0.00323,0.00349,62954.00000000,1788825599999,218.05132600,26,60063.80000000,208.66246800,0
2026-09-08,0.00323,0.00355,0.00323,0.00355,79573.30000000,1788911999999,279.81220900,34,73181.60000000,258.82788200,0
2026-09-09,0.00331,0.00355,0.00329,0.00349,127190.00000000,1788998399999,440.09266000,65,80824.00000000,285.53266200,0
2026-09-10,0.00333,0.00359,0.00332,0.0035,70305.80000000,1789084799999,241.53062600,40,45062.70000000,157.19443600,0
2026-09-11,0.0031,0.00399,0.00211,0.0027,1068988.90000000,1789171199999,2699.98960400,130,394066.10000000,1162.59794700,0
2026-09-12,0.00287,0.0039,0.00279,0.00315,260233.10000000,1789257599999,964.00272500,60,238405.80000000,899.45963900,0
